Name,Alter,Beruf,Text
Lukas,29,Ingenieur,Lukas ist ein Ingenieur in einem großen Bauunternehmen. Er ist verantwortlich für die Planung und Überwachung von Bauprojekten. In letzter Zeit hat er Schwierigkeiten, mit den engen Zeitplänen und den steigenden Materialkosten Schritt zu halten. Er wünscht sich eine bessere Projektorganisation und kostengünstigere Materialbeschaffung, um die Projekte effizienter abwickeln zu können.
Anna,35,Psychologin,Anna ist eine erfahrene Psychologin in einer Therapiepraxis. Sie arbeitet eng mit ihren Klienten zusammen, um ihnen bei der Bewältigung von psychischen Problemen zu helfen. In letzter Zeit ist sie überlastet und hat Schwierigkeiten, allen Klienten gerecht zu werden. Sie wünscht sich mehr Zeit für jede Sitzung und eine bessere Work-Life-Balance, um sich selbst zu pflegen und effektiver arbeiten zu können.
Max,42,Vertriebsleiter,Max ist Vertriebsleiter in einem mittelständischen Unternehmen. Er ist verantwortlich für die Umsatzsteigerung und das Management des Vertriebsteams. In letzter Zeit hat er festgestellt, dass die Verkaufszahlen stagnieren und das Team demotiviert ist. Er wünscht sich bessere Verkaufsstrategien und mehr Motivation im Team, um die Umsatzziele zu erreichen.
Laura,31,Journalistin,Laura ist Journalistin bei einer lokalen Zeitung. Sie liebt es, über aktuelle Ereignisse zu berichten und Geschichten zu erzählen. In letzter Zeit hat sie jedoch Schwierigkeiten, mit den strengen Deadlines und der Konkurrenz im digitalen Medienbereich Schritt zu halten. Sie wünscht sich mehr Unterstützung vom Redaktionsteam und flexiblere Arbeitsbedingungen, um qualitativ hochwertige Artikel zu liefern.
Felix,27,Webentwickler,Felix arbeitet als Webentwickler in einem Startup-Unternehmen. Er ist verantwortlich für die Entwicklung und Wartung von Websites und Webanwendungen. In letzter Zeit hat er Schwierigkeiten, mit den ständigen Änderungen in der Technologie und den engen Projektzeitplänen Schritt zu halten. Er wünscht sich mehr Weiterbildungsmöglichkeiten und eine bessere Projektplanung, um effektiver arbeiten zu können.
Julia,39,Personalmanagerin,Julia ist Personalmanagerin in einem großen Unternehmen. Sie ist verantwortlich für die Einstellung, Schulung und Entwicklung der Mitarbeiter. In letzter Zeit hat sie Schwierigkeiten, qualifizierte Bewerber zu finden und das Team zu motivieren. Sie wünscht sich bessere Rekrutierungsstrategien und mehr Möglichkeiten zur Mitarbeiterbindung, um das Unternehmen erfolgreich zu führen.
Tim,34,Finanzberater,Tim ist Finanzberater in einer Bank. Er berät Kunden in finanziellen Angelegenheiten und hilft ihnen, ihre Ziele zu erreichen. In letzter Zeit hat er Schwierigkeiten, mit den sich ändernden Marktbedingungen und den anspruchsvollen Kundenanfragen Schritt zu halten. Er wünscht sich mehr Ressourcen für die Analyse und bessere Schulungsmöglichkeiten, um die Kundenbedürfnisse besser zu erfüllen.
Sophie,26,Sozialpädagogin,Sophie arbeitet als Sozialpädagogin in einem Jugendzentrum. Sie unterstützt Jugendliche in schwierigen Lebenssituationen und hilft ihnen, ihre Probleme zu bewältigen. In letzter Zeit hat sie Schwierigkeiten, mit den komplexen familiären Situationen und den begrenzten Ressourcen Schritt zu halten. Sie wünscht sich mehr Unterstützung vom Jugendamt und mehr finanzielle Mittel, um effektiver helfen zu können.
Nico,37,Unternehmensberater,Nico ist Unternehmensberater in einer Beratungsfirma. Er berät Unternehmen in verschiedenen Branchen bei strategischen Entscheidungen und Prozessoptimierung. In letzter Zeit hat er Schwierigkeiten, mit den steigenden Kundenanfragen und den komplexen Projekten Schritt zu halten. Er wünscht sich mehr Unterstützung vom Management und eine bessere Teamorganisation, um effizienter arbeiten zu können.
Lena,30,Ärztin,Lena ist Ärztin in einer Gemeinschaftspraxis. Sie kümmert sich um die Gesundheit ihrer Patienten und hilft ihnen, Krankheiten zu behandeln und vorzubeugen. In letzter Zeit hat sie Schwierigkeiten, mit der steigenden Anzahl von Patienten und den langen Arbeitsstunden Schritt zu halten. Sie wünscht sich mehr medizinisches Personal und eine bessere Arbeitszeiteinteilung, um die Patientenversorgung zu verbessern.
Simon,33,Architekt,Simon ist Architekt in einem Architekturbüro. Er entwirft Gebäude und koordiniert Bauprojekte von der Planung bis zur Fertigstellung. In letzter Zeit hat er Schwierigkeiten, mit den knappen Budgets und den komplizierten Baugesetzen Schritt zu halten. Er wünscht sich mehr finanzielle Mittel für innovative Projekte und eine einfachere Genehmigungsverfahren, um seine Visionen erfolgreich umzusetzen.
Sarah,28,Personal Trainerin,Sarah ist Personal Trainerin in einem Fitnessstudio. Sie unterstützt ihre Kunden beim Erreichen ihrer Fitnessziele und motiviert sie zu einem gesunden Lebensstil. In letzter Zeit hat sie Schwierigkeiten, mit den unterschiedlichen Bedürfnissen ihrer Kunden und den knappen Trainingszeiten Schritt zu halten. Sie wünscht sich mehr Flexibilität im Stundenplan und bessere Trainingsgeräte, um effektiver trainieren zu können.
Daniel,40,Anwalt,Daniel ist Anwalt in einer Anwaltskanzlei. Er vertritt seine Mandanten in rechtlichen Angelegenheiten und hilft ihnen, ihre Rechte zu verteidigen. In letzter Zeit hat er Schwierigkeiten, mit den komplexen Gerichtsverfahren und den anspruchsvollen Kundenanfragen Schritt zu halten. Er wünscht sich mehr Unterstützung vom juristischen Team und eine bessere Fallverwaltung, um effizienter arbeiten zu können.
Hannah,31,Lebensmitteltechnologin,Hannah arbeitet als Lebensmitteltechnologin in einem Lebensmittelunternehmen. Sie entwickelt neue Lebensmittelprodukte und optimiert bestehende
Jonas,36,Projektmanager,Jonas arbeitet als Projektmanager in einem IT-Unternehmen. Er ist verantwortlich für die Planung und Durchführung von IT-Projekten. In letzter Zeit hat er Schwierigkeiten, mit den knappen Ressourcen und den sich ändernden Anforderungen der Kunden Schritt zu halten. Er wünscht sich mehr Unterstützung vom Management und eine klarere Projektstruktur, um effektiver arbeiten zu können.
Laura,29,Sozialarbeiterin,Laura ist Sozialarbeiterin in einer gemeinnützigen Organisation. Sie unterstützt Menschen in schwierigen Lebenssituationen und hilft ihnen, Unterstützung zu finden. In letzter Zeit hat sie Schwierigkeiten, mit der steigenden Arbeitsbelastung und den begrenzten Ressourcen Schritt zu halten. Sie wünscht sich mehr Zeit für jeden Klienten und eine bessere finanzielle Unterstützung, um effektiver helfen zu können.
Benjamin,42,Finanzanalyst,Benjamin arbeitet als Finanzanalyst in einer Bank. Er analysiert Finanzdaten und gibt Empfehlungen für Investitionen. In letzter Zeit hat er Schwierigkeiten, mit den volatilen Finanzmärkten und den komplexen Finanzinstrumenten Schritt zu halten. Er wünscht sich mehr Ressourcen für die Analyse und eine bessere Risikobewertung, um bessere Entscheidungen treffen zu können.
Sophie,33,Grundschullehrerin,Sophie ist Grundschullehrerin an einer öffentlichen Schule. Sie unterrichtet Kinder in verschiedenen Fächern und unterstützt sie bei ihrer persönlichen Entwicklung. In letzter Zeit hat sie Schwierigkeiten, mit den großen Klassen und den unterschiedlichen Lernbedürfnissen der Schüler Schritt zu halten. Sie wünscht sich kleinere Klassen und mehr pädagogische Unterstützung, um effektiver unterrichten zu können.
Alexander,28,Informatiker,Alexander arbeitet als Informatiker in einem Softwareunternehmen. Er entwickelt Softwarelösungen für verschiedene Branchen und unterstützt Kunden bei der Implementierung. In letzter Zeit hat er Schwierigkeiten, mit den neuen Technologien und den komplexen Kundenanforderungen Schritt zu halten. Er wünscht sich mehr Schulungsmöglichkeiten und eine klarere Projektstruktur, um effektiver arbeiten zu können.
Lisa,35,Eventmanagerin,Lisa ist Eventmanagerin in einer Eventagentur. Sie plant und organisiert Veranstaltungen für Firmen und Privatpersonen. In letzter Zeit hat sie Schwierigkeiten, mit den engen Zeitplänen und den unterschiedlichen Kundenwünschen Schritt zu halten. Sie wünscht sich mehr Unterstützung vom Team und eine bessere Zeitplanung, um erfolgreiche Events durchführen zu können.
Maximilian,31,Physiotherapeut,Maximilian arbeitet als Physiotherapeut in einer Rehabilitationsklinik. Er hilft Patienten bei der Wiedererlangung ihrer Beweglichkeit und Schmerzlinderung. In letzter Zeit hat er Schwierigkeiten, mit der großen Anzahl von Patienten und den begrenzten Ressourcen Schritt zu halten. Er wünscht sich mehr Zeit für jeden Patienten und eine bessere Ausstattung, um effektiver behandeln zu können.
Laura,27,Ernährungsberaterin,Laura ist Ernährungsberaterin in einer Gesundheitspraxis. Sie unterstützt ihre Kunden beim Erreichen ihrer Gesundheitsziele durch eine ausgewogene Ernährung. In letzter Zeit hat sie Schwierigkeiten, mit den verschiedenen Ernährungsbedürfnissen und den begrenzten Terminen Schritt zu halten. Sie wünscht sich mehr Zeit für jede Beratung und eine bessere Terminplanung, um ihre Kunden besser unterstützen zu können.
Erik,40,Marketingdirektor,Erik ist Marketingdirektor in einem großen Unternehmen. Er ist verantwortlich für die Entwicklung von Marketingstrategien und die Förderung der Marke. In letzter Zeit hat er Schwierigkeiten, mit den sich ändernden Marktbedingungen und den hohen Erwartungen des Managements Schritt zu halten. Er wünscht sich mehr Flexibilität bei der Umsetzung von Marketingkampagnen und eine klarere Kommunikation von den Führungskräften, um erfolgreich zu sein.
Marie,32,Personal Trainerin,Marie arbeitet als Personal Trainerin in einem Fitnessstudio. Sie motiviert ihre Kunden zu einem gesunden Lebensstil und unterstützt sie beim Erreichen ihrer Fitnessziele. In letzter Zeit hat sie Schwierigkeiten, mit den unterschiedlichen Fitnesslevels und den begrenzten Trainingszeiten Schritt zu halten. Sie wünscht sich mehr Zeit für jede Trainingseinheit und eine bessere Ausstattung, um effektiver trainieren zu können.
Julian,38,Immobilienmakler,Julian ist Immobilienmakler in einem Immobilienunternehmen. Er vermittelt Wohnungen und Häuser an Kunden und unterstützt sie beim Kauf oder Verkauf von Immobilien. In letzter Zeit hat er Schwierigkeiten, mit dem harten Wettbewerb und den anspruchsvollen Kundenanfragen Schritt zu halten. Er wünscht sich mehr Unterstützung vom Management und eine bessere Marktanalyse, um erfolgreicher zu sein.
Clara,26,Softwareingenieurin,Clara arbeitet als Softwareingenieurin in einem Technologieunternehmen. Sie entwickelt Softwarelösungen für verschiedene Anwendungen und unterstützt bei der Implementierung. In letzter Zeit hat sie Schwierigkeiten, mit den neuen Technologien und den engen Projektzeitplänen Schritt zu halten. Sie wünscht sich mehr Schulungsmöglichkeiten und eine klarere Projektstruktur, um effektiver arbeiten zu können.
Leonie,33,Psychotherapeutin,Leonie ist Psychotherapeutin in einer privaten Praxis. Sie unterstützt ihre Klienten bei der Bewältigung psychischer Probleme und der Verbesserung ihrer Lebensqualität. In letzter Zeit hat sie Schwierigkeiten, mit der großen Anzahl von Klienten und den begrenzten Ressourcen Schritt zu halten. Sie wünscht sich mehr Zeit für jede Therapiesitzung und eine bessere Unterstützung vom Verwaltungsteam, um effektiver arbeiten zu können.
Anton,35,Produktmanager,Anton ist Produktmanager in einem Technologieunternehmen. Er ist verantwortlich für die Entwicklung und Vermarktung neuer Produkte. In letzter Zeit hat er Schwierigkeiten, mit den hohen
Sophie,28,Softwareentwicklerin,Sophie ist eine Softwareentwicklerin in einem Startup-Unternehmen. Sie ist leidenschaftlich bei der Entwicklung neuer Produkte und Technologien. In letzter Zeit hat sie Schwierigkeiten, mit den straffen Entwicklungsfristen und den sich ändernden Anforderungen Schritt zu halten. Sie wünscht sich mehr Zeit für die Entwicklung und eine bessere Teamkommunikation, um effektiver arbeiten zu können.
Max,34,Unternehmensberater,Max arbeitet als Unternehmensberater in einer Beratungsfirma. Er berät Unternehmen bei strategischen Entscheidungen und Prozessoptimierungen. In letzter Zeit hat er Schwierigkeiten, mit den komplexen Projekten und den hohen Erwartungen der Kunden Schritt zu halten. Er wünscht sich mehr Unterstützung vom Management und eine klarere Projektstruktur, um effektiver arbeiten zu können.
Laura,31,Grundschullehrerin,Laura ist Grundschullehrerin an einer öffentlichen Schule. Sie unterrichtet Kinder in verschiedenen Fächern und unterstützt sie bei ihrer persönlichen Entwicklung. In letzter Zeit hat sie Schwierigkeiten, mit den großen Klassen und den unterschiedlichen Lernbedürfnissen der Schüler Schritt zu halten. Sie wünscht sich kleinere Klassen und mehr pädagogische Unterstützung, um effektiver unterrichten zu können.
Felix,29,Marketing Manager,Felix ist Marketing Manager in einem mittelständischen Unternehmen. Er ist verantwortlich für die Entwicklung und Umsetzung von Marketingstrategien. In letzter Zeit hat er Schwierigkeiten, mit den engen Budgets und den hohen Marketingzielen Schritt zu halten. Er wünscht sich mehr Ressourcen für die Umsetzung und eine bessere Zusammenarbeit mit anderen Abteilungen, um erfolgreicher zu sein.
Anna,36,Personal Trainerin,Anna arbeitet als Personal Trainerin in einem Fitnessstudio. Sie unterstützt ihre Kunden beim Erreichen ihrer Fitnessziele und motiviert sie zu einem gesunden Lebensstil. In letzter Zeit hat sie Schwierigkeiten, mit den unterschiedlichen Fitnesslevels und den knappen Trainingszeiten Schritt zu halten. Sie wünscht sich mehr Zeit für jeden Kunden und eine bessere Ausstattung, um effektiver trainieren zu können.
Julian,39,Immobilienmakler,Julian ist Immobilienmakler in einem Immobilienunternehmen. Er vermittelt Wohnungen und Häuser an Kunden und unterstützt sie beim Kauf oder Verkauf von Immobilien. In letzter Zeit hat er Schwierigkeiten, mit dem harten Wettbewerb und den anspruchsvollen Kundenanfragen Schritt zu halten. Er wünscht sich mehr Unterstützung vom Management und eine bessere Marktanalyse, um erfolgreicher zu sein.
Lena,32,Sozialarbeiterin,Lena ist Sozialarbeiterin in einer gemeinnützigen Organisation. Sie unterstützt Menschen in schwierigen Lebenssituationen und hilft ihnen, Unterstützung zu finden. In letzter Zeit hat sie Schwierigkeiten, mit der steigenden Arbeitsbelastung und den begrenzten Ressourcen Schritt zu halten. Sie wünscht sich mehr Zeit für jeden Klienten und eine bessere finanzielle Unterstützung, um effektiver helfen zu können.
Maximilian,33,Physiotherapeut,Maximilian arbeitet als Physiotherapeut in einer Rehabilitationsklinik. Er hilft Patienten bei der Wiedererlangung ihrer Beweglichkeit und Schmerzlinderung. In letzter Zeit hat er Schwierigkeiten, mit der großen Anzahl von Patienten und den begrenzten Ressourcen Schritt zu halten. Er wünscht sich mehr Zeit für jeden Patienten und eine bessere Ausstattung, um effektiver behandeln zu können.
Sophia,27,Journalistin,Sophia ist Journalistin bei einer lokalen Zeitung. Sie liebt es, über aktuelle Ereignisse zu berichten und Geschichten zu erzählen. In letzter Zeit hat sie Schwierigkeiten, mit den strengen Deadlines und der Konkurrenz im digitalen Medienbereich Schritt zu halten. Sie wünscht sich mehr Unterstützung vom Redaktionsteam und flexiblere Arbeitsbedingungen, um qualitativ hochwertige Artikel zu liefern.
Anton,40,Anwalt,Anton ist Anwalt in einer Anwaltskanzlei. Er vertritt seine Mandanten in rechtlichen Angelegenheiten und hilft ihnen, ihre Rechte zu verteidigen. In letzter Zeit hat er Schwierigkeiten, mit den komplexen Gerichtsverfahren und den anspruchsvollen Kundenanfragen Schritt zu halten. Er wünscht sich mehr Unterstützung vom juristischen Team und eine bessere Fallverwaltung, um effizienter arbeiten zu können.
Clara,25,Softwareingenieurin,Clara arbeitet als Softwareingenieurin in einem Technologieunternehmen. Sie entwickelt Softwarelösungen für verschiedene Anwendungen und unterstützt bei der Implementierung. In letzter Zeit hat sie Schwierigkeiten, mit den neuen Technologien und den engen Projektzeitplänen Schritt zu halten. Sie wünscht sich mehr Schulungsmöglichkeiten und eine klarere Projektstruktur, um effektiver arbeiten zu können.
David,35,Lehrer,David ist Lehrer an einer weiterführenden Schule. Er unterrichtet Mathematik und Physik. In letzter Zeit hat er Schwierigkeiten, mit den großen Klassen und den unterschiedlichen Lerngeschwindigkeiten der Schüler Schritt zu halten. Er wünscht sich kleinere Klassengrößen und mehr Unterstützung vom Schulpersonal, um effektiver unterrichten zu können.
Sophie,30,Projektmanagerin,Sophie arbeitet als Projektmanagerin in einem IT-Unternehmen. Sie ist verantwortlich für die Planung und Durchführung von Softwareentwicklungsprojekten. In letzter Zeit hat sie Schwierigkeiten, mit den straffen Zeitplänen und den sich ändernden Anforderungen der Kunden Schritt zu halten. Sie wünscht sich eine bessere Ressourcenplanung und mehr Flexibilität bei der Projektumsetzung, um erfolgreich zu sein.
Lukas,28,Sozialarbeiter,Lukas ist Sozialarbeiter in einem Jugendzentrum. Er unterstützt Jugendliche bei der Bewältigung persönlicher Probleme und bietet verschiedene Programme zur Freizeitgestaltung an. In letzter Zeit hat er Schwierigkeiten, mit den komplexen familiären Situationen und den begrenzten finanziellen Mitteln Schritt zu halten. Er wünscht sich mehr Unterstützung vom Jugendamt und mehr finanzielle Mittel, um effektiver helfen zu können.
Laura,37,Personalberaterin,Laura arbeitet als Personalberaterin in einer Personalagentur. Sie vermittelt Bewerber an Unternehmen und berät diese bei der Personalauswahl. In letzter Zeit hat sie Schwierigkeiten, mit den hohen Anforderungen der Kunden und der knappen Bewerberauswahl Schritt zu halten. Sie wünscht sich mehr Ressourcen für die Bewerbersuche und eine bessere Zusammenarbeit mit den Unternehmen, um erfolgreich zu sein.
Max,32,Physiotherapeut,Max arbeitet als Physiotherapeut in einer physiotherapeutischen Praxis. Er hilft Patienten bei der Rehabilitation nach Verletzungen oder Operationen. In letzter Zeit hat er Schwierigkeiten, mit den unterschiedlichen Behandlungsansätzen und den begrenzten Ressourcen Schritt zu halten. Er wünscht sich mehr Zeit für jede Behandlung und eine bessere Ausstattung, um effektiver arbeiten zu können.
Nina,29,Finanzanalystin,Nina arbeitet als Finanzanalystin in einer Bank. Sie analysiert Finanzdaten und gibt Empfehlungen für Investitionen. In letzter Zeit hat sie Schwierigkeiten, mit den volatilen Finanzmärkten und den komplexen Finanzinstrumenten Schritt zu halten. Sie wünscht sich mehr Ressourcen für die Analyse und eine bessere Risikobewertung, um bessere Entscheidungen treffen zu können.
Julian,40,Architekt,Julian ist Architekt in einem Architekturbüro. Er entwirft Gebäude und koordiniert Bauprojekte von der Planung bis zur Fertigstellung. In letzter Zeit hat er Schwierigkeiten, mit den strengen Bauregeln und den knappen Budgets Schritt zu halten. Er wünscht sich mehr finanzielle Mittel für innovative Projekte und eine einfachere Genehmigungsverfahren, um seine Visionen erfolgreich umzusetzen.
Emily,31,Marketingberaterin,Emily ist Marketingberaterin in einer Marketingagentur. Sie entwickelt Marketingstrategien für verschiedene Unternehmen und unterstützt bei der Umsetzung. In letzter Zeit hat sie Schwierigkeiten, mit den sich ändernden Marketingtrends und den hohen Kundenanforderungen Schritt zu halten. Sie wünscht sich mehr Zeit für die Strategieentwicklung und eine bessere Zusammenarbeit mit den Kunden, um erfolgreicher zu sein.
Jonas,33,Softwareingenieur,Jonas arbeitet als Softwareingenieur in einem Technologieunternehmen. Er entwickelt Softwarelösungen für verschiedene Anwendungen und unterstützt bei der Implementierung. In letzter Zeit hat er Schwierigkeiten, mit den neuen Technologien und den engen Projektzeitplänen Schritt zu halten. Er wünscht sich mehr Schulungsmöglichkeiten und eine klarere Projektstruktur, um effektiver arbeiten zu können.
Sophia,26,Journalistin,Sophia ist Journalistin bei einem Online-Nachrichtenportal. Sie schreibt Artikel zu aktuellen Themen und recherchiert Hintergrundinformationen. In letzter Zeit hat sie Schwierigkeiten, mit den strengen Deadlines und der Konkurrenz im digitalen Medienbereich Schritt zu halten. Sie wünscht sich mehr Zeit für Recherchen und flexiblere Arbeitsbedingungen, um qualitativ hochwertige Artikel zu liefern.
David,39,Anwalt,David ist Anwalt in einer Anwaltskanzlei. Er vertritt seine Mandanten in rechtlichen Angelegenheiten und hilft ihnen, ihre Rechte zu verteidigen. In letzter Zeit hat er Schwierigkeiten, mit den komplexen Gerichtsverfahren und den anspruchsvollen Kundenanfragen Schritt zu halten. Er wünscht sich mehr Unterstützung vom juristischen Team und eine bessere Fallverwaltung, um effizienter arbeiten zu können.
Laura,29,Softwareentwicklerin,Laura arbeitet als Softwareentwicklerin in einem Tech-Startup. Sie ist leidenschaftlich an der Entwicklung innovativer Lösungen beteiligt. In letzter Zeit hat sie Schwierigkeiten, mit den strengen Deadlines und den technischen Herausforderungen Schritt zu halten. Sie wünscht sich mehr Ressourcen für die Entwicklung und eine bessere Teamkommunikation, um effektiver arbeiten zu können.
Maximilian,35,Unternehmensberater,Maximilian ist Unternehmensberater in einer renommierten Beratungsfirma. Er unterstützt Unternehmen bei strategischen Entscheidungen und Geschäftsoptimierungen. In letzter Zeit hat er Schwierigkeiten, mit den komplexen Projekten und den Erwartungen der Kunden Schritt zu halten. Er wünscht sich mehr Unterstützung vom Management und eine klarere Projektstruktur, um effektiver zu sein.
Sophie,32,Sozialarbeiterin,Sophie arbeitet als Sozialarbeiterin in einem Obdachlosenheim. Sie unterstützt Menschen in schwierigen Lebenssituationen und hilft ihnen, wieder auf die Beine zu kommen. In letzter Zeit hat sie Schwierigkeiten, mit der steigenden Zahl von Obdachlosen und den begrenzten Ressourcen Schritt zu halten. Sie wünscht sich mehr finanzielle Unterstützung und eine bessere Zusammenarbeit mit anderen Hilfsorganisationen, um effektiver helfen zu können.
Julian,38,Projektleiter,Julian ist Projektleiter in einem Bauunternehmen. Er koordiniert Bauprojekte und sorgt für eine termingerechte Fertigstellung. In letzter Zeit hat er Schwierigkeiten, mit den engen Zeitplänen und den Ressourcenengpässen Schritt zu halten. Er wünscht sich eine bessere Ressourcenplanung und mehr Flexibilität bei der Projektumsetzung, um erfolgreich zu sein.
Lena,27,Marketingmanagerin,Lena ist Marketingmanagerin in einem E-Commerce-Unternehmen. Sie entwickelt Marketingstrategien und fördert die Markenbekanntheit. In letzter Zeit hat sie Schwierigkeiten, mit den sich ändernden Marketingtrends und den knappen Budgets Schritt zu halten. Sie wünscht sich mehr Ressourcen für die Umsetzung und eine bessere Zusammenarbeit mit anderen Abteilungen, um erfolgreich zu sein.
David,40,Physiotherapeut,David arbeitet als Physiotherapeut in einer Sportklinik. Er unterstützt Athleten bei der Rehabilitation nach Verletzungen und Operationen. In letzter Zeit hat er Schwierigkeiten, mit den verschiedenen Behandlungsansätzen und den begrenzten Ressourcen Schritt zu halten. Er wünscht sich mehr Zeit für jede Behandlung und eine bessere Ausstattung, um effektiver arbeiten zu können.
Nina,33,Finanzberaterin,Nina ist Finanzberaterin in einer Bank. Sie berät Kunden in finanziellen Angelegenheiten und hilft ihnen, ihre Ziele zu erreichen. In letzter Zeit hat sie Schwierigkeiten, mit den volatilen Finanzmärkten und den komplexen Kundenanfragen Schritt zu halten. Sie wünscht sich mehr Ressourcen für die Analyse und eine bessere Risikobewertung, um bessere Entscheidungen treffen zu können.
Anna,31,Lehrerin,Anna ist Lehrerin an einer Grundschule. Sie unterrichtet Kinder in verschiedenen Fächern und unterstützt ihre Schüler bei ihrer persönlichen Entwicklung. In letzter Zeit hat sie Schwierigkeiten, mit den großen Klassen und den unterschiedlichen Lernbedürfnissen Schritt zu halten. Sie wünscht sich kleinere Klassen und mehr pädagogische Unterstützung, um effektiver unterrichten zu können.
Jonas,36,Vertriebsleiter,Jonas ist Vertriebsleiter in einem Unternehmen für Haushaltsgeräte. Er ist verantwortlich für die Umsatzsteigerung und das Management des Vertriebsteams. In letzter Zeit hat er Schwierigkeiten, mit den sich ändernden Marktbedingungen und den hohen Umsatzzahlen Schritt zu halten. Er wünscht sich bessere Verkaufsstrategien und mehr Motivation im Team, um die Ziele zu erreichen.
Sophia,28,Eventmanagerin,Sophia arbeitet als Eventmanagerin in einer Eventagentur. Sie plant und organisiert Veranstaltungen für Unternehmen und Privatpersonen. In letzter Zeit hat sie Schwierigkeiten, mit den engen Zeitplänen und den hohen Kundenanforderungen Schritt zu halten. Sie wünscht sich mehr Unterstützung vom Team und eine bessere Zeitplanung, um erfolgreiche Events durchführen zu können.
Leon,34,Softwareingenieur,Leon ist Softwareingenieur in einem Unternehmen für Künstliche Intelligenz. Er entwickelt Algorithmen und Systeme für verschiedene Anwendungen. In letzter Zeit hat er Schwierigkeiten, mit den neuen Technologien und den komplexen Projekten Schritt zu halten. Er wünscht sich mehr Schulungsmöglichkeiten und eine klarere Projektstruktur, um effektiver arbeiten zu können.
Sophie,31,Softwareentwicklerin,Sophie arbeitet als Softwareentwicklerin in einem Technologieunternehmen. Sie ist leidenschaftlich bei der Entwicklung neuer Softwarelösungen beteiligt. In letzter Zeit hat sie Schwierigkeiten, mit den straffen Entwicklungsfristen und den sich ändernden Anforderungen der Kunden Schritt zu halten. Sie wünscht sich mehr Zeit für die Entwicklung und eine bessere Zusammenarbeit im Team, um effektiver arbeiten zu können.
Maximilian,37,Unternehmensberater,Maximilian ist Unternehmensberater in einer Beratungsfirma. Er unterstützt Unternehmen bei strategischen Entscheidungen und Geschäftsoptimierungen. In letzter Zeit hat er Schwierigkeiten, mit den komplexen Projekten und den hohen Erwartungen der Kunden Schritt zu halten. Er wünscht sich mehr Unterstützung vom Management und eine klarere Projektstruktur, um effektiver zu sein.
Laura,29,Sozialarbeiterin,Laura arbeitet als Sozialarbeiterin in einem Jugendzentrum. Sie unterstützt Jugendliche bei der Bewältigung persönlicher Probleme und bietet verschiedene Programme zur Freizeitgestaltung an. In letzter Zeit hat sie Schwierigkeiten, mit den komplexen familiären Situationen und den begrenzten Ressourcen Schritt zu halten. Sie wünscht sich mehr Unterstützung vom Jugendamt und mehr finanzielle Mittel, um effektiver helfen zu können.
Julian,35,Projektleiter,Julian ist Projektleiter in einem Bauunternehmen. Er koordiniert Bauprojekte und sorgt für eine termingerechte Fertigstellung. In letzter Zeit hat er Schwierigkeiten, mit den engen Zeitplänen und den Ressourcenengpässen Schritt zu halten. Er wünscht sich eine bessere Ressourcenplanung und mehr Flexibilität bei der Projektumsetzung, um erfolgreich zu sein.
Lena,27,Marketingmanagerin,Lena ist Marketingmanagerin in einem E-Commerce-Unternehmen. Sie entwickelt Marketingstrategien und fördert die Markenbekanntheit. In letzter Zeit hat sie Schwierigkeiten, mit den sich ändernden Marketingtrends und den knappen Budgets Schritt zu halten. Sie wünscht sich mehr Ressourcen für die Umsetzung und eine bessere Zusammenarbeit mit anderen Abteilungen, um erfolgreich zu sein.
David,39,Physiotherapeut,David arbeitet als Physiotherapeut in einer Sportklinik. Er unterstützt Athleten bei der Rehabilitation nach Verletzungen und Operationen. In letzter Zeit hat er Schwierigkeiten, mit den verschiedenen Behandlungsansätzen und den begrenzten Ressourcen Schritt zu halten. Er wünscht sich mehr Zeit für jede Behandlung und eine bessere Ausstattung, um effektiver arbeiten zu können.
Nina,32,Finanzberaterin,Nina ist Finanzberaterin in einer Bank. Sie berät Kunden in finanziellen Angelegenheiten und hilft ihnen, ihre Ziele zu erreichen. In letzter Zeit hat sie Schwierigkeiten, mit den volatilen Finanzmärkten und den komplexen Kundenanfragen Schritt zu halten. Sie wünscht sich mehr Ressourcen für die Analyse und eine bessere Risikobewertung, um bessere Entscheidungen treffen zu können.
Anna,30,Lehrerin,Anna ist Lehrerin an einer Grundschule. Sie unterrichtet Kinder in verschiedenen Fächern und unterstützt ihre Schüler bei ihrer persönlichen Entwicklung. In letzter Zeit hat sie Schwierigkeiten, mit den großen Klassen und den unterschiedlichen Lernbedürfnissen Schritt zu halten. Sie wünscht sich kleinere Klassen und mehr pädagogische Unterstützung, um effektiver unterrichten zu können.
Jonas,34,Vertriebsleiter,Jonas ist Vertriebsleiter in einem Unternehmen für Haushaltsgeräte. Er ist verantwortlich für die Umsatzsteigerung und das Management des Vertriebsteams. In letzter Zeit hat er Schwierigkeiten, mit den sich ändernden Marktbedingungen und den hohen Umsatzzahlen Schritt zu halten. Er wünscht sich bessere Verkaufsstrategien und mehr Motivation im Team, um die Ziele zu erreichen.
Sophia,29,Eventmanagerin,Sophia arbeitet als Eventmanagerin in einer Eventagentur. Sie plant und organisiert Veranstaltungen für Unternehmen und Privatpersonen. In letzter Zeit hat sie Schwierigkeiten, mit den engen Zeitplänen und den hohen Kundenanforderungen Schritt zu halten. Sie wünscht sich mehr Unterstützung vom Team und eine bessere Zeitplanung, um erfolgreiche Events durchführen zu können.
Leon,33,Softwareingenieur,Leon ist Softwareingenieur in einem Unternehmen für Künstliche Intelligenz. Er entwickelt Algorithmen und Systeme für verschiedene Anwendungen. In letzter Zeit hat er Schwierigkeiten, mit den neuen Technologien und den komplexen Projekten Schritt zu halten. Er wünscht sich mehr Schulungsmöglichkeiten und eine klarere Projektstruktur, um effektiver arbeiten zu können.
Fritz,40,Lehrer,Fritz ist Lehrer an einer Mittelschule. Er unterrichtet Geschichte und Sport. In letzter Zeit hat er Schwierigkeiten, mit den unterschiedlichen Lerngeschwindigkeiten der Schüler Schritt zu halten. Er wünscht sich mehr individuelle Förderungsmöglichkeiten und eine bessere Ausstattung der Klassenräume, um effektiver unterrichten zu können.
Max,35,Müllmann,Max arbeitet als Müllmann bei der örtlichen Müllabfuhr. Er sorgt dafür, dass die Straßen sauber bleiben und der Müll ordnungsgemäß entsorgt wird. In letzter Zeit hat er Schwierigkeiten, mit den steigenden Müllmengen und den knappen Ressourcen Schritt zu halten. Er wünscht sich mehr Unterstützung vom Arbeitgeber und eine bessere Anerkennung seiner Arbeit, um motiviert zu bleiben.
Anna,45,Beamte,Anna ist Beamtin in der Stadtverwaltung. Sie arbeitet im Bereich der Bauverwaltung und bearbeitet Baugenehmigungen. In letzter Zeit hat sie Schwierigkeiten, mit den bürokratischen Hürden und den anspruchsvollen Anträgen Schritt zu halten. Sie wünscht sich eine einfachere Bürokratie und mehr Flexibilität bei der Arbeit, um effektiver zu sein.
Peter,50,Hausmeister,Peter ist Hausmeister in einer Wohnanlage. Er kümmert sich um die Instandhaltung der Gebäude und die Pflege der Außenanlagen. In letzter Zeit hat er Schwierigkeiten, mit den Reparaturanfragen und den begrenzten Ressourcen Schritt zu halten. Er wünscht sich mehr Unterstützung vom Verwaltungsteam und eine bessere Ausstattung, um seine Arbeit effektiver erledigen zu können.
Tobias,32,Zimmerer,Tobias arbeitet als Zimmerer in einem Bauunternehmen. Er ist spezialisiert auf den Bau von Holzkonstruktionen und Dachstühlen. In letzter Zeit hat er Schwierigkeiten, mit den engen Zeitplänen und den wechselnden Bauprojekten Schritt zu halten. Er wünscht sich mehr Planungssicherheit und eine bessere Zusammenarbeit im Team, um erfolgreich zu sein.
Simon,28,Schreiner,Simon ist Schreiner in einer Tischlerei. Er fertigt Möbelstücke und Inneneinrichtungen nach individuellen Kundenwünschen an. In letzter Zeit hat er Schwierigkeiten, mit den komplexen Designanforderungen und den begrenzten Ressourcen Schritt zu halten. Er wünscht sich mehr Zeit für die Fertigung und eine bessere Ausstattung der Werkstatt, um hochwertige Produkte herstellen zu können.
Lena,30,Koch,Lena arbeitet als Koch in einem Restaurant. Sie ist verantwortlich für die Zubereitung von Speisen und die Einhaltung der Hygienevorschriften. In letzter Zeit hat sie Schwierigkeiten, mit den hohen Gästezahlen und den stressigen Arbeitsbedingungen Schritt zu halten. Sie wünscht sich mehr Unterstützung vom Küchenteam und eine bessere Planung der Arbeitsabläufe, um erfolgreich zu sein.
Paul,25,Kellner,Paul arbeitet als Kellner in einem Café. Er serviert Getränke und Speisen und kümmert sich um die Zufriedenheit der Gäste. In letzter Zeit hat er Schwierigkeiten, mit den hohen Bestellvolumen und den unterschiedlichen Gästewünschen Schritt zu halten. Er wünscht sich mehr Personal im Servicebereich und eine bessere Kommunikation mit dem Küchenteam, um den Gästen einen besseren Service bieten zu können.
